book_id,character_id,name,gender,Opmer,Opmer,Opmer,
1,1,Kaay,2,,,,
1,2,Rosa,2,,,,
1,3,Carlo,1,,,,
1,4,Nina,2,,,,
1,5,Anna Montana,2,,,,
1,6,Vincentius,1,,,,
1,7,Paola,2,,,,
1,8,Mario,1,,,,
1,9,Emilia,2,,,,
1,10,Magliano,1,,,,
1,11,Theo,1,,,,
1,12,So,1,,,,
2,1,Jonathan,1,,,,
2,2,John,1,,,,
2,3,Käthe,2,,,,
2,4,Suze,2,,,,
2,5,Jansen,1,,,,
2,6,Claudina,2,,,,
2,7,Doris,2,,,,
2,8,Karel,1,,,,
2,9,Teresa,2,,,,
2,10,W. van Driel,1,,,,
2,11,Anka,2,,,,
2,12,Rudolf,1,,,,
2,13,A. van Titsentatsen,1,,,,
2,14,Tonny,1,,,,
2,15,Miroja,2,,,,
3,1,Louis,1,,,,
3,2,Jan de Vos,1,,,,
3,3,Marieke,2,,,,
3,4,Leentje,2,,,,
3,5,Annemie,2,,,,
3,6,Jan de Lichte,1,,,,
3,7,Judoca,2,,,,
3,8,Jean,1,,,,
3,9,Jacques,1,,,,
3,10,Cottenier,1,,,,
3,11,Mie,2,,,,
3,12,Livina,2,,,,
3,13,Tineke,2,,,,
3,14,Tjeef,1,,,,
4,1,Teta,2,,,,
4,2,mevrouw Cercleres,2,,,,
4,3,Hester,2,,,,
4,4,Braam,1,,,,
4,5,Colonia,2,,,,
4,6,Lom,1,,,,
4,7,Cassa,2,,,,
4,8,Bob,1,,,,
4,9,Truus,2,,,,
4,10,Jo,2,,,,
4,11,Henk,1,,,,
4,12,Bakker,1,,,,
4,13,Klokpost,1,,,,
4,14,Mevrouw Terree,2,,,,
4,15,Bakker de Cleo,1,,,,
4,16,Carlo,1,,,,
4,17,Els,2,,,,
5,1,Tom,1,,,,
5,2,Akijn,1,,,,
5,3,Trix,2,,,,
5,4,meneer Koetsier,1,,,,
5,5,Van Zanten,1,,,,
5,6,Ernstje,1,,,,
5,7,Grijp,1,,,,
5,8,Van der Weiden,1,,,,
6,1,Boelie,1,,,,
6,2,Mees,1,,,,
6,3,Panda,2,,,,
6,4,Etta,2,,,,
6,5,Ernst-Jan,1,,,,
6,6,Tjeerd,1,,,,
6,7,Jens,1,,,,
6,8,meneer Veninga,1,,,,
6,9,mevrouw Veninga,2,,,,
6,10,Wim,1,,,,
6,11,Michel,1,,,,
6,12,Steffie,2,,,,
6,13,Rosa,2,,,,
6,14,Ramon,1,,,,
6,15,Dries,1,,,,
6,16,Dolf,1,,,,
6,17,Aschwin,1,,,,
6,18,Kees,1,,,,
7,1,Lily,2,,,,
7,2,David,1,,,,
7,3,Julian,1,,,,
7,4,Ellen,2,,,,
7,5,Kik,1,,,,
7,6,Sari,1,,,,
7,7,Pim,1,,,,
7,8,Las,2,,,,
8,1,Ik,2,,,,
8,2,Mevrouw Nopjes,2,,,,
8,3,Gaston,1,,,,
8,4,Michelle,2,,,,
8,5,Simone,2,,,,
8,6,Mevrouw I,2,,,,
8,7,Merks,1,,,,
8,8,Mejuffrouw Lams,2,,,,
8,9,Edna,2,,,,
8,10,Jenny,2,,,,
8,11,Manus,1,,,,
8,12,Fran,2,,,,
8,13,Aline,2,,,,
8,14,juffrouw De Moor,2,,,,
8,15,Karel,1,,,,
8,16,Lydia,2,,,,
8,17,Alice,2,,,,
8,18,Frédérique,2,,,,
8,19,Fred,1,,,,
8,20,Jo,2,,,,
8,21,Juffrouw Delaere,2,,,,
8,22,Jeannot,2,,,,
9,1,Lydia,2,,,,
9,2,Irene,2,,,,
9,3,Bea,2,,,,
9,4,Charles,1,,,,
9,5,Henk,1,,,,
9,6,Lou,2,,,,
9,7,Frank,1,,,,
9,8,Eveline,2,,,,
9,9,Fred,1,,,,
9,10,Lieneke,2,,,,
9,11,Paul,1,,,,
9,12,Anna,2,,,,
9,13,Jaap,1,,,,
9,14,Charles Back,1,,,,
9,15,Carla,2,,,,
9,16,Trix,2,,,,
10,1,Karl,1,,,,
10,2,Jettie,2,,,,
10,3,Marjan,2,,,,
10,4,Ineke,2,,,,
10,5,Thea,2,,,,
10,6,Floor,2,,,,
10,7,Korver,1,,,,
10,8,mevrouw Korver,2,,,,
10,9,Willy,2,,,,
10,10,Liesbeth,2,,,,
10,11,Kees,1,,,,
10,12,Miens moeder,2,,,,
10,13,Mien,2,,,,
10,14,Marietje,2,,,,
10,15,Joke,2,,,,
10,16,Steefje,1,,,,
10,17,Tante Floor,2,,,,
10,18,Hannie,2,,,,
11,1,Verdoold,2,,,,
11,2,Rosalia,2,,,,
11,3,Benno,1,,,,
11,4,Anninhas,2,,,,
11,5,Miguel,1,,,,
11,6,Joachim,1,,,,
11,7,Aurora,2,,,,
11,8,Olga,2,,,,
11,9,Lilo,2,,,,
11,10,David,1,,,,
11,11,Lea,2,,,,
11,12,Lotte,2,,,,
11,13,Emilia,2,,,,
11,14,Carlos,1,,,,
11,15,Maria Christina,2,,,,
11,16,Gallo,1,,,,
11,17,Inez,2,,,,
11,18,Martha,2,,,,
11,19,Karl,1,,,,
11,20,Clara,2,,,,
11,21,Natalia,2,,,,
12,1,Klaas,1,,,,
12,2,Piet,1,,,,
12,3,Leetje,2,,,,
12,4,Vellenius,1,,,,
12,5,Ellie,2,,,,
12,6,Anna,2,,,,
12,7,Jacob,1,,,,
12,8,Hammer,1,,,,
12,9,Paps,1,,,,
12,10,Tamon,1,,,,
12,11,Rachel,2,,,,Niet door software opgepikt. 21 hits met zoeken.
12,12,Jacomina,2,,,,
12,13,Jaap,1,,,,
12,14,Pieter Blaesz,1,,,,
12,15,Annie,2,,,,
12,16,Karel,1,,,,
13,1,Evelien,2,,,,
13,2,Vera,2,,,,
13,3,Han,1,,,,
13,4,Evie,2,,,,
13,5,Barend,1,,,,
13,6,E. van Brugge,1,,,,
13,7,Marjon,2,,,,
13,8,John,1,,,,
13,9,Van Hemeldonck,1,,,,
13,10,Martha,2,,,,
13,11,Mies,2,,,,
13,12,Corry,2,,,,
13,13,Ben,1,,,,
13,14,Wim,1,,,,
13,15,Jan,1,,,,
14,1,Hans,1,,,,
14,2,Hendrika,2,,,,
14,3,Mozart,1,,,,
14,4,Debussy,1,,,,
14,5,Chopin,1,,,,
14,6,Haydn,1,,,,
14,7,Stravinsky,1,,,,
15,1,Ineke,2,,,,
15,2,Lucas,1,,,,
15,3,Piet,1,,,,
15,4,Petra,2,,,,
15,5,Bertje,1,,,,
15,6,Françoise,2,,,,
15,7,Louis,1,,,,
15,8,Blériotte,2,,,,
15,9,Pierre,1,,,,
15,10,Marie José Neuville,2,,,,
15,11,Ida,2,,,,
15,12,Daniël,1,,,,
15,13,Geert,1,,,,
16,1,Wouter,1,,,,
16,2,Aaike,1,,,,
16,3,Miesje,2,,,,
16,4,Tjerk,1,,,,
16,5,Beckers,1,,,,
16,6,Herman,1,,,,
16,7,Leeckeren,1,,,,
16,8,Mertens,1,,,,
17,1,Gerrit,1,,,,
17,2,Albert,1,,,,
17,3,Sjouke,2,,,,
17,4,Maaike,2,,,,
17,5,Hendrik,1,,,,
17,6,Titus,1,,,,
17,7,Tjerd,1,,,,
17,8,Doefje,2,,,,
17,9,Ruurd,1,,,,
17,10,Petronella,2,,,,
17,11,Derk,1,,,,
17,12,Hendrik,1,,,,
17,13,Foeke,2,,,,
17,14,Ernst,1,,,,
17,15,Frouke,2,,,,
17,16,David,1,,,,
17,17,Douwe,1,,,,
17,18,Andreas,1,,,,
17,19,Sieben,1,,,,
17,20,Henri,1,,,,
17,21,Maximiliaan,1,,,,
18,1,Keller,1,,,,
18,2,Lucy,2,,,,
18,3,Helen,2,,,,
18,4,Wilkins,1,,,,
18,5,Kramer,1,,,,
18,6,Norton,1,,,,
18,7,Herbert,1,,,,
18,8,Sylvia,2,,,,
18,9,Ans,2,,,,
18,10,Goedhals,1,,,,
18,11,Els,2,,,,
18,12,Paul,1,,,,
18,13,Gerda,2,,,,
18,14,Emmy,2,,,,
18,15,Hartog,1,,,,
18,16,Lois,2,,,,
18,17,Tom,1,,,,
18,18,Annie,2,,,,
18,19,De Graaf,1,,,,
18,20,Van Beveren,1,,,,
19,1,Inge,2,,,,
19,2,Marion,2,,,,
19,3,Bram,1,,,,
19,4,Jaap,1,,,,
19,5,Reinier,1,,,,
19,6,Edith,2,,,,
19,7,Harro,1,,,,
19,8,Rein,1,,,,
19,9,Charlot,2,,,,
19,10,Gert,1,,,,
19,11,Erik,1,,,,
19,12,Diederick,1,,,,
19,13,Loesje,2,,,,
19,14,Marlies,2,,,,
19,15,Toos,2,,,,
19,16,Arend,1,,,,
19,17,Robin,1,,,,
19,18,Monica,2,,,,
19,19,Magda,2,,,,
19,20,Juliette,2,,,,
19,21,Laurens,1,,,,
19,22,Koert,1,,,,
20,1,Elisabeth,2,,,,
20,2,Eugène,1,,,,
20,3,Jan,1,,,,
20,4,Nel,2,,,,
20,5,Steffen,1,,,,
20,6,Karel,1,,,,
20,7,Letty,2,,,,
20,8,Dick,1,,,,
20,9,Erik,1,,,,
20,10,Tan,1,,,,
20,11,Martha,2,,,,
20,12,Lisette,2,,,,
20,13,Nina,2,,,,
20,14,Yvonne,2,,,,
21,1,Lodewijk,1,,,,
21,2,Arlene,2,,,,
21,3,Harrison,1,,,,
21,4,Gerland,2,,,,
21,5,Elvis,1,,,,
21,6,Samuel,1,,,,
21,7,Yvonne,2,,,,
21,8,Ann,2,,,,
21,9,Dick,1,,,,
21,10,Homer,1,,,,
21,11,Paul,1,,,,
21,12,Bridget,2,,,,
21,13,Sloshey,1,,,,
21,14,McBride,1,,,,
21,15,Proctor,1,,,,
21,16,Richard,1,,,,
21,17,Sidin,1,,,,
21,18,Rutger,1,,,,
21,19,Josiah,1,,,,
22,1,Christiaan,1,,,,
22,2,Karel,1,,,,
22,3,Connie,2,,,,
22,4,Emma,2,,,,
22,5,Frédérique,2,,,,
22,6,Jantje,1,,,,
22,7,André,1,,,,
22,8,Henk,1,,,,
22,9,Carla,2,,,,
23,1,Orlando,1,,,,
23,2,Roosje,2,,,,
23,3,Jean,1,,,,
23,4,Emma,2,,,,
23,5,Louis,1,,,,
23,6,Paul,1,,,,
23,7,Laure,1,,,,
23,8,Pierre,1,,,,
23,9,Fons,1,,,,
23,10,Beria,1,,,,
23,11,Marianne,2,,,,
23,12,Tombalion,1,,,,
23,13,mevrouw Brettschneider,2,,,,
23,14,Vera,2,,,,
23,15,Florijn,1,,,,
23,16,Annie,2,,,,
24,1,Godgegeven,1,,,,
24,2,Lokien,1,,,,
24,3,Merel,2,,,,
24,4,Naomi,2,,,,
24,5,Viëtor,1,,,,
24,6,Bender,1,,,,
24,7,Timman,1,,,,
25,1,Myriam,2,,,,
25,2,Nathan,1,,,,
25,3,Suze,2,,,,
25,4,Ruben,1,,,,
25,5,Léon,1,,,,
25,6,Sarah,2,,,,
25,7,Jo,1,,,,
25,8,Gideon,1,,,,
25,9,Simon,1,,,,
25,10,Sem,1,,,,
25,11,mevrouw Kater,2,,,,
25,12,Sal,1,,,,
25,13,Sam,1,,,,
25,14,Manuel,1,,,,
25,15,Bernard,1,,,,
25,16,Klazien,2,,,,
25,17,David,1,,,,
25,18,Rika,2,,,,
25,19,Rebecca,2,,,,
25,20,Liesje,2,,,,
26,1,Herman,1,,,,
26,2,Walter,1,,,,
26,3,Billy,1,,,,
26,4,Deborah,2,,,,
26,5,Erik,1,,,,
26,6,Lien,2,,,,
26,7,Boyd,1,,,,
26,8,Morfie,1,,,,
26,9,Jan,1,,,,
26,10,Chris,1,,,,
26,11,Claude,1,,,,
26,12,Joachim,1,,,,
26,13,Sonja,2,,,,
27,1,Peter,1,,,,
27,2,Garo,1,,,,
27,3,Rim,1,,,,
27,4,Bleek,1,,,,
27,5,Claude,1,,,,
27,6,Alfred,1,,,,
28,1,Ik,1,,,,
28,2,Joop,1,,,,
28,3,Maartje,2,,,,
28,4,Wilhelmus,1,,,,
28,5,Bram,1,,,,
28,6,Elsje,2,,,,
28,7,Johannes,1,,,,
28,8,Abraham,1,,,,
29,1,Ik,1,,,,
29,2,mijn vader,1,,,,
29,3,Rein,1,,,,
29,4,P.,1,,,,
29,5,Salim,1,,,,
29,6,Lennart,1,,,,
29,7,K.,1,,,,
29,8,Hans,1,,,,
29,9,Marjolein,2,,,,
30,1,Gilles,1,,,,
30,2,Puck,2,,,,
30,3,Toto,1,,,,
30,4,Kees,1,,,,
30,5,Truida,2,,,,
30,6,Han,1,,,,
30,7,Arno,1,,,,
30,8,Yvonne,2,,,,
30,9,Frits,1,,,,
30,10,Liza,2,,,,
30,11,Mina,2,,,,
30,12,mevrouw Diericx,2,,,,
30,13,meneer Diericx,1,,,,
30,14,Delfine,2,,,,
30,15,Paul,1,,,,
30,16,Daniël,1,,,,
30,17,Smith,1,,,,
30,18,Zilla,2,,,,
30,19,Glory,2,,,,
30,20,Anna,2,,,,
30,21,Celia,2,,,,
30,22,Heiltje,2,,,,
30,23,Leo,1,,,,
30,24,Stefanie,2,,,,
31,1,Ada,2,,,,
31,2,Marion,2,,,,
31,3,Frits,1,,,,
31,4,Rob,1,,,,
31,5,Jeanet,2,,,,
31,6,Leo,1,,,,
31,7,Ina,2,,,,
31,8,Dolf,1,,,,
31,9,Jo,2,,,,
31,10,Maarten,1,,,,
31,11,Willem,1,,,,
31,12,Kareltje,1,,,,
31,13,Nelly,2,,,,
31,14,Geert,1,,,,
31,15,Chris,1,,,,
31,16,Hilda,2,,,,
31,17,Loesje,1,,,,
31,18,Lily,2,,,,
31,19,Deetje,2,,,,
31,20,Millie,2,,,,
31,21,Bep,2,,,,
32,1,Helena,2,,,,
32,2,Edward,1,,,,
32,3,Anne,2,,,,
32,4,Marie,2,,,,
32,5,Maurice,1,,,,
32,6,Jacques,1,,,,
32,7,Bernard,1,,,,
32,8,Charles,1,,,,
32,9,Pierre,1,,,,
32,10,Marcel,1,,,,
32,11,Henri,1,,,,
32,12,Jean,1,,,,
32,13,Bernadette,2,,,,
32,14,José,1,,,,
32,15,Madame d'Albert,2,,,,
33,1,Lucie,2,,,,
33,2,Ebbinge,1,,,,
33,3,Frau Ebbinger,2,,,,
33,4,Anna,2,,,,
33,5,Charles,1,,,,
33,6,Babs,2,,,,
33,7,Mathias,1,,,,
33,8,Wilhelm,1,,,,
33,9,Georg,1,,,,
33,10,Toni,1,,,,
33,11,Henk,1,,,,
33,12,Karl,1,,,,
33,13,Kathi,2,,,,
33,14,Frau Hiller,2,,,,
34,1,Matty,1,,,,
34,2,Eileen,2,,,,
34,3,Rinie,2,,,,
34,4,Mortimer,1,,,,
34,5,Winnie,1,,,,
34,6,Ditzy,1,,,,
34,7,Oscar,1,,,,
34,8,Hennie,2,,,,
34,9,Saskia,2,,,,
34,10,Erzilia,2,,,,
34,11,Stikkelorum,1,,,,
34,12,Algie,1,,,,
35,1,Jan,1,,,,
35,2,Jacob,1,,,,
35,3,Fokke,1,,,,
35,4,Beaat,2,,,,
35,5,Max,1,,,,
35,6,David,1,,,,
35,7,Melia,2,,,,
35,8,Kerlien,2,,,,
35,9,Nard,1,,,,
35,10,Lien,2,,,,
35,11,Wijnand,1,,,,
35,12,Marie,2,,,,
35,13,Dries,1,,,,
35,14,Zjoken,2,,,,
35,15,Frans,1,,,,
35,16,Flor,1,,,,
35,17,Rosalie,2,,,,
35,18,Valerie,2,,,,
35,19,Jeske,1,,,,
35,20,Dora,2,,,,
35,21,Liza,2,,,,
35,22,Lucas,1,,,,
35,23,Felix,1,,,,
35,24,Naat,1,,,,
35,25,Joep,1,,,,
36,1,Theo,1,,,,
36,2,Stine,2,,,,
36,3,Inga,2,,,,
36,4,Oom Haring,1,,,,
36,5,Anka,2,,,,
36,6,Dorus,1,,,,
36,7,Bé,2,,,,
36,8,neef Peters,1,,,,
36,9,Louis,1,,,,
36,10,Mondriaan,1,,,,
36,11,Eysinga,1,,,,
36,12,Gerrit,1,,,,
36,13,Nadia,2,,,,
36,14,meester Colenbrander,1,,,,
36,15,Tom,1,,,,
36,16,Hanny,2,,,,
36,17,Peter,1,,,,
36,18,Herman,1,,,,
36,19,Mieke,2,,,,
37,1,Ik,1,,,,
37,2,Odysseus,1,,,,
37,3,Circe,2,,,,
37,4,Jan,1,,,,
37,5,Sirenen,99,,,,
37,6,Paolo,1,,,,
37,7,Pietro,1,,,,
37,8,Homeros,1,,,,
37,9,Signora Zancani,2,,,,
37,10,Nestor,1,,,,
37,11,Arturo,1,,,,
37,12,Carmen,2,,,,
37,13,Amadeo,1,,,,
37,14,Anselmo,1,,,,
37,15,Salvatino,1,,,,
37,16,Anna,2,,,,
37,17,Ennio,1,,,,
37,18,Cesare,1,,,,
38,1,Grant,1,,,,
38,2,Lincoln,1,,,,
38,3,Kate,2,,,,
38,4,William,1,,,,
38,5,Halleck,1,,,,
38,6,Stanton,1,,,,
38,7,McClellan,1,,,,
38,8,Joe,1,,,,
38,9,Burnside,1,,,,
38,10,Bill,1,,,,
38,11,Julia,2,,,,
38,12,Lee,1,,,,
38,13,Stuart,1,,,,
38,14,Chase,1,,,,
38,15,Mrs. Lincoln,2,,,,
38,16,Mrs. Sherman,2,,,,
38,17,Rose,2,,,,
38,18,kleine Rose,2,,,,
39,1,Ik,1,,,,
39,2,H.,1,,,,
39,3,W.,1,,,,
39,4,G.,1,,,,
39,5,Colijn,1,,,,
39,6,Tito,1,,,,
39,7,Hitler,1,,,,
39,8,Mikailowitsj,1,,,,
39,9,M.,1,,,,
39,10,Hirschfeld,1,,,,
39,11,Eichmann,1,,,,
39,12,Badings,1,,,,
39,13,Heusinger,1,,,,
39,14,Göring,1,,,,
39,15,Maclean,1,,,,
39,16,Chassé,1,,,,
39,17,Driekus,1,,,,
39,18,Grüber,1,,,,
40,1,Monica,2,,,,
40,2,Job,1,,,,
40,3,Robert,1,,,,
40,4,Hans,1,,,,
40,5,mevrouw Falck,2,,,,
40,6,Ellen,2,,,,
40,7,Louise,2,,,,
40,8,Bernt,2,,,,
40,9,dokter Alting,1,,,,
40,10,Lily,2,,,,
40,11,Pol,1,,,,
40,12,Jant,2,,,,
40,13,Marianne,2,,,,
40,14,Edward,1,,,,
41,1,Ik,1,,,,
41,2,Dirk,1,,,,
41,3,Daan,1,,,,
41,4,Bart,1,,,,
41,5,Cap,1,,,,
41,6,Ahmad,1,,,,
41,7,Wim,1,,,,
41,8,Hans,1,,,,
41,9,Kees,1,,,,
41,10,Emmy,2,,,,
42,1,Grégoire,1,,,,
42,2,Patrice,1,,,,
42,3,Dzambe,99,,,,
42,4,Matembe,2,,,,
42,5,Damienne,2,,,,
42,6,Vaucel,1,,,,
42,7,Cathérine,2,,,,
42,8,Bolikango,1,,,,
42,9,Marie-Jeanne,2,,,,
42,10,Werther,1,,,,
43,1,Elly,2,,,,
43,2,Ada,2,,,,
43,3,Floor,2,,,,
43,4,Dick,1,,,,
43,5,Marjanne,2,,,,
43,6,Arend,1,,,,
43,7,Karel Buizerd,1,,,,
43,8,Marie,2,,,,
43,9,Aai,1,,,,
43,10,Klinker,1,,,,
43,11,Looier,1,,,,
43,12,Cora,2,,,,
43,13,Jan,1,,,,
43,14,Marien,1,,,,
43,15,Meeuw,1,,,,
43,16,Jeanette,2,,,,
43,17,Emmy,2,,,,
44,1,Peter,1,,,,
44,2,Susan,2,,,,
44,3,Henk,1,,,,
44,4,Bertha,2,,,,
44,5,Nel,2,,,,
44,6,Lien,2,,,,
44,7,Jet,2,,,,
44,8,Steven,1,,,,
44,9,Verhulst,1,,,,
44,10,Arend,1,,,,
44,11,Kees,1,,,,
44,12,Job,1,,,,
45,1,Jojakim,1,,,,
45,2,Louise,2,,,,
45,3,Henri,1,,,,
45,4,Amalia,2,,,,
45,5,Willem,1,,,,
45,6,Frederik Hendrik,1,,,,
45,7,Maurits,1,,,,
45,8,Rebekka,2,,,,
45,9,Elizabeth,2,,,,
45,10,Harold,1,,,,
45,11,Eleonora,2,,,,
46,1,Sera,2,,,,
46,2,Leonard,1,,,,
46,3,Doortje,2,,,,
46,4,Joris,1,,,,
46,5,Stans,1,,,,
46,6,Louis,1,,,,
46,7,Nellie,2,,,,
46,8,Spiedes,1,,,,
46,9,Digna,2,,,,
46,10,Doornstam,1,,,,
46,11,Fosfer,1,,,,
46,12,Valerius,1,,,,
46,13,Casper,1,,,,
47,1,Walijne,2,,,,
47,2,Medusa,2,,,,
47,3,Nicolaas,1,,,,
47,4,Carl,1,,,,
47,5,Tonie,2,,,,
47,6,Bernard,1,,,,
47,7,Louis,1,,,,
47,8,Pipi,1,,,,
48,1,Ab,1,,,,
48,2,Ekke,1,,,,
48,3,Berend,1,,,,
48,4,Piet,1,,,,
48,5,Edith,2,,,,
48,6,Tonia,2,,,,
48,7,Annelot,2,,,,
48,8,Dries,1,,,,
48,9,Dick,1,,,,
48,10,Herman,1,,,,
48,11,Dientje,2,,,,
48,12,Hiltjse,2,,,,
49,1,Ik,1,,,,
49,2,Nicolai,1,,,,
49,3,Mary,2,,,,
49,4,Michelle,2,,,,
49,5,Betty,2,,,,
49,6,François,1,,,,
49,7,Pasqualina,2,,,,
49,8,Luciani,1,,,,
49,9,Noël,1,,,,
49,10,Louis,1,,,,
49,11,Tao,1,,,,
50,1,Alida,2,,,,
50,2,Betsy,2,,,,
50,3,Neeltje,2,,,,
50,4,Paul,1,,,,
50,5,Karel,1,,,,
50,6,Willem,1,,,,
50,7,Thijs,1,,,,
50,8,Coba,2,,,,
50,9,Bertus,1,,,,
50,10,Sonja,2,,,,
50,11,Beppie,2,,,,
50,12,Sonja,2,,,,
50,13,Simone,2,,,,
50,14,Charles,1,,,,
50,15,Theo,1,,,,
50,16,Albert,1,,,,
50,17,Joyce,2,,,,
50,18,Anna,2,,,,
50,19,Rudi,1,,,,
50,20,Lena,2,,,,
50,21,Joke,2,,,,
50,22,Dirk,1,,,,
50,23,Gerrit,1,,,,
50,24,Van Hulst,1,,,,
50,25,Martin,1,,,,
51,1,Dian,1,,,,
51,2,Robert,1,,,,
51,3,Suzon,2,,,,
51,4,Jan de Kop,1,,,,
51,5,Henry,1,,,,
51,6,Druntinckx,2,,,,
51,7,Ties,1,,,,
51,8,Mary,2,,,,
51,9,Dolores,2,,,,
51,10,Liesbeth,2,,,,
51,11,Moppie,2,,,,
51,12,Jan de Leeuw,1,,,,
51,13,Stot,1,,,,
53,1,Jaap,1,,,,
53,2,Ally,2,,,,
53,3,Paul,1,,,,
53,4,Else,2,,,,
53,5,Nolleke,2,,,,
53,6,Koos,1,,,,
53,7,Carla,2,,,,
53,8,Lotty,2,,,,
53,9,Alma,2,,,,
53,10,Har,1,,,,
53,11,Geke,2,,,,
53,12,Luuk,1,,,,
54,1,Rudolf,1,,,,
54,2,Denise,2,,,,
54,3,Amay,1,,,,
54,4,Désirée,2,,,,
54,5,Kristien,2,,,,
54,6,Claude,1,,,,
54,7,Hermione,2,,,,
55,1,Mevrouw De Veer,2,,,,
55,2,Volkert,1,,,,
55,3,Guus,2,,,,
55,4,Mac,1,,,,
55,5,Bill,1,,,,
55,6,Kramer,1,,,,
55,7,Jane,2,,,,
55,8,Niek,1,,,,
55,9,Jaap,1,,,,
55,10,Annie,2,,,,
55,11,Joosten,1,,,,
56,1,Caro,2,,,,
56,2,Walt,1,,,,
56,3,José,2,,,,
56,4,Marre,1,,,,
56,5,Winnie,2,,,,
56,6,Allen,1,,,,
56,7,Wouters,1,,,,
57,1,Perquin,1,,,,
57,2,Henk,1,,,,
57,3,Van Waveren,1,,,,
57,4,Annette,2,,,,
57,5,Susanne,2,,,,
57,6,Diekman,1,,,,
57,7,Inge,2,,,,
57,8,Kees,1,,,,
57,9,Inge,2,,,,
57,10,Christine,2,,,,
57,11,Alsem,1,,,,
58,1,Ik,1,,,,
58,2,Eichmann,1,,,,
58,3,Hitler,1,,,,
58,4,Hausner,1,,,,
58,5,Servatius,1,,,,
58,6,Landau,1,,,,
58,7,Heydrich,1,,,,
58,8,Himmler,1,,,,
58,9,Höss,1,,,,
58,10,Halevi,1,,,,
58,11,Less,1,,,,
59,1,Carel,1,,,,
59,2,Pieter,1,,,,
59,3,Barbertje,1,,,,
59,4,Tobias,1,,,,
59,5,Reiniersen,1,,,,
59,6,Rembrandt,1,,,,
59,7,Barent,1,,,,
59,8,Anna,2,,,,
59,9,Machteld,2,,,,
59,10,Gerbrand,1,,,,
59,11,De Decker,1,,,,
59,12,Van Aelst,1,,,,
59,13,Maartje,2,,,,
59,14,Samuel,1,,,,
59,15,Aeltje,2,,,,
59,16,Valentijn,1,,,,
59,17,Bramer,1,,,,
59,18,Johannes,1,,,,
59,19,Fabritius,1,,,,
59,20,Van Asch,1,,,,
59,21,Hendrickje,1,,,,
59,22,Claartje,2,,,,
60,1,Ik,1,,,,
60,2,mijnheer Plus,1,,,,
60,3,Elsje,2,,,,
60,4,Doris,2,,,,
60,5,Kraaykamp,1,,,,
60,6,Loekie,2,,,,
60,7,Frankie,1,,,,
60,8,Marlon,1,,,,
60,9,Henk,1,,,,
60,10,Freddy,1,,,,
60,11,Stikmaartje,2,,,,
61,1,Peter,1,,,,
61,2,Mela,2,,,,
61,3,Paul,1,,,,
61,4,Marianne,2,,,,
61,5,Domitilla ,2,,,,
61,6,Henk,1,,,,
61,7,Fred,1,,,,
61,8,Jan,1,,,,
61,9,Amélie,2,,,,
61,10,Tom,1,,,,
61,11,Sancho,1,,,,
61,12,Olga,2,,,,
61,13,Vittorio,1,,,,
61,14,Dolly,2,,,,
61,15,Emma,2,,,,
62,1,Ik,1,,,,
62,2,Gorrez,1,,,,
62,3,Mijn vader,1,,,,
62,4,Bea,2,,,,
62,5,Paps,1,,,,
62,6,Mac,1,,,,
62,7,Karl,1,,,,
62,8,Kosterman,1,,,,
62,9,Albert,1,,,,
62,10,Arthur,1,,,,
62,11,Clara,2,,,,
62,12,Mijn moeder,2,,,,
63,1,Simon,1,,,,
63,2,Henny,2,,,,
63,3,Klaas,1,,,,
63,4,Job,1,,,,
63,5,Elize,2,,,,
63,6,Theun,1,,,,
63,7,Maja,2,,,,
63,8,Ben,1,,,,
63,9,David,1,,,,
63,10,André,1,,,,
63,11,Mare,2,,,,
63,12,Jan,1,,,,
63,13,Wijnand,1,,,,
63,14,Diana,2,,,,
63,15,Marie-Louise,2,,,,
63,16,Philip,1,,,,
63,17,Hilda,2,,,,
63,18,Marijke,2,,,,
63,19,Ineke,2,,,,
64,1,heer Aalbersberg,1,,,,
64,2,mevrouw Aalbersberg,2,,,,
64,3,Frieda,2,,,,
64,4,Annie,2,,,,
64,5,Jacqueline,2,,,,
64,6,Gerard,1,,,,
64,7,Theo,1,,,,
64,8,Johan,1,,,,
64,9,Henry,1,,,,
64,10,Mientje,2,,,,
64,11,Thea,2,,,,
64,12,Else,2,,,,
64,13,Trix,2,,,,
64,14,Van Doorne,1,,,,
64,15,Willy,2,,,,
64,16,Leonard,1,,,,
65,1,Johan,1,,,,
65,2,Jeanette,2,,,,
65,3,Victor,1,,,,
65,4,Jaap,1,,,,
65,5,Sophie,2,,,,
65,6,Ton,1,,,,
65,7,mevrouw Becking,2,,,,
65,8,mevrouw Vink,2,,,,
65,9,Piet,1,,,,
66,1,Dédé,1,,,,
66,2,Coederk,1,,,,
66,3,Wellings,1,,,,
66,4,Donia,2,,,,
66,5,Alfred,1,,,,
66,6,Bertrand,1,,,,
66,7,Betty,2,,,,
66,8,Mike,1,,,,
66,9,Stefan,1,,,,
66,10,Nicole,2,,,,
66,11,Alexi,1,,,,
66,12,Gia,2,,,,
66,13,Kay,2,,,,
66,14,Lars,1,,,,
66,15,Natasja,2,,,,
66,16,Will,1,,,,
66,17,Janet,2,,,,
66,18,Georgette,2,,,,
67,1,Ik,1,,,,
67,2,moeder,2,,,,
67,3,vader,1,,,,
67,4,Lia,2,,,,
67,5,Peter,1,,,,
67,6,de jongen,1,,,,
67,7,Barend,1,,,,
68,1,Erik,1,,,,
68,2,Frits,1,,,,
68,3,Henk,1,,,,
68,4,Mia,2,,,,
68,5,Ingrid,2,,,,
68,6,Carla,2,,,,
68,7,Pim ,1,,,,
68,8,Tom,1,,,,
68,9,Anneke,2,,,,
68,10,Margot,2,,,,
69,1,Lodewijk,1,,,,
69,2,Hanneke,2,,,,
69,3,Mathilde,2,,,,
69,4,Bianca,2,,,,
69,5,Nicolaas,1,,,,
69,6,Charlotte,2,,,,
69,7,Jacques,1,,,,
69,8,Godelieve,2,,,,
69,9,Jan,1,,,,
69,10,Suzanne,2,,,,
69,11,Marjorie,2,,,,
69,12,Guido,1,,,,
69,13,Esmeralda,2,,,,
69,14,Kolda,2,,,,
69,15,Roland,1,,,,
69,16,Driek,1,,,,
69,17,Jans,2,,,,
69,18,gravin L'Orante,2,,,,
69,19,Pierre,1,,,,
69,20,Willem,1,,,,
70,1,Trix,2,,,,
70,2,Lex,1,,,,
70,3,Sander,1,,,,
70,4,Gerard,1,,,,
70,5,Marcel,1,,,,
70,6,Ria,2,,,,
70,7,Nicolas,1,,,,
70,8,Corrie,2,,,,
70,9,Appie,1,,,,
70,10,Stella,2,,,,
70,11,Emmie,2,,,,
71,1,Natalie,2,,,,
71,2,Deedee,2,,,,
71,3,Claude,1,,,,
71,4,Albert,1,,,,
71,5,Jeanne,2,,,,
71,6,Antoine,1,,,,
71,7,Lotte,2,,,,
71,8,Giacomo,1,,,,
71,9,Moeder,2,,,,
71,10,Taatje,2,,,,
71,11,Tilly,2,,,,
71,12,Felina,2,,,,
72,1,Ik,1,,,,
72,2,Aleide,2,,,,
72,3,Hoofdrechercheur,1,,,,
72,4,Jan,1,,,,
72,5,Henk,1,,,,
72,6,Arends,1,,,,
72,7,Liesje,2,,,,
74,1,Ik,1,,,,
74,2,Helen,2,,,,
74,3,Bill,1,,,,
74,4,Oswald,1,,,,
74,5,Dorris,2,,,,
74,6,Gustavsson,1,,,,
74,7,Bimah,1,,,,
74,8,Karti,2,,,,
74,9,Rai,1,,,,
74,10,Susan,2,,,,
74,11,Njomanraka,1,,,,
74,12,Tmon,2,,,,
74,13,Sikkema,1,,,,
74,14,Naga,2,,,,
74,15,Bagoes,1,,,,
74,16,Mijanta,1,,,,
74,17,Poetoe,1,,,,
74,18,Marya,2,,,,
74,19,Betty,2,,,,
75,1,Ik,1,,,,
75,2,Jeannette,2,,,,
75,3,Paap,1,,,,
75,4,Inge,2,,,,
75,5,Abel,1,,,,
75,6,Van Tijn,1,,,,
75,7,Pronk,2,,,,
75,8,Steker,2,,,,
75,9,Marga,1,,,,
75,10,Jacobs,2,,,,
75,11,Toos,1,,,,
75,12,Siem,1,,,,
75,13,Ali,1,,,,
75,14,Victor,1,,,,
75,15,Jopie,1,,,,
75,16,Ernst ,1,,,,
75,17,Bram,1,,,,
75,18,Kees,1,,,,
75,19,Gijs,1,,,,
75,20,Adèle,2,,,,
75,21,Ansje,2,,,,
75,22,Arnold,1,,,,
75,23,Henk,1,,,,
76,1,Paul,1,,,,
76,2,Rufus,1,,,,
76,3,Katinka,2,,,,
76,4,Ellen,2,,,,
76,5,Michaël,1,,,,
76,6,Ingrid,2,,,,
76,7,Fernando,1,,,,
76,8,Gravin,2,,,,
76,9,Jeanne,2,,,,
77,1,Jules Roelands,1,,,,
77,2,Liesbeth,2,,,,
77,3,Margot,2,,,,
77,4,Ilse,2,,,,
77,5,Evert,1,,,,
77,6,mevrouw Fleischer,2,,,,
77,7,Paul,1,,,,
77,8,Herman Roelands,1,,,,
78,1,Dorothé,2,,,,
78,2,Wim,1,,,,
78,3,Saartje,2,,,,
78,4,Evelyn,2,,,,
78,5,Nico,1,,,,
78,6,Nelleke,2,,,,
78,7,Charles,1,,,,
78,8,Ans,2,,,,
78,9,Sia,2,,,,
78,10,Flip,1,,,,
78,11,Rob,1,,,,
78,12,Niek,1,,,,
78,13,Eimert,1,,,,
78,14,Grootvader,1,,,,
78,15,Suzanna,2,,,,
78,16,Moeder,2,,,,
78,17,Lex,1,,,,
78,18,Gerard,1,,,,
78,19,Dauwe,1,,,,
78,20,Ab,1,,,,
78,21,Anton,1,,,,
79,1,Hein,1,,,,
79,2,Kes,1,,,,
79,3,Henri Lutters,1,,,,
79,4,Dries,1,,,,
79,5,Ans,2,,,,
79,6,Siti,2,,,,
79,7,Koen,1,,,,
79,8,Kees III,1,,,,
79,9,Kees,1,,,,
79,10,Hans,1,,,,
79,11,Mientje,2,,,,
79,12,Loes,2,,,,
79,13,Dries,1,,,,
79,14,Turqué,1,,,,
79,15,Kees II,1,,,,
79,16,Jo,2,,,,
79,17,Vrijst,1,,,,
79,18,Abraham,1,,,,
80,1,Kai,1,,,,
80,2,Maria,2,,,,
80,3,Joans,1,,,,
80,4,Jiménez,1,,,,
80,5,Felicia,2,,,,
80,6,Pedro,1,,,,
80,7,Gerrit,1,,,,
80,8,Mies,2,,,,
80,9,Maria-Teresa,1,,,,
80,10,Janchi,1,,,,
81,1,Akkie,2,,,,
81,2,Heerco,1,,,,
81,3,Paul,1,,,,
81,4,Diederick,1,,,,
81,5,Everhard,1,,,,
81,6,Nienke,2,,,,
81,7,van Harpenaar,2,,,,
81,8,Dohle,1,,,,
81,9,Beppe,2,,,,
81,10,Douwe,1,,,,
81,11,Carla,2,,,,
81,12,Yerke,1,,,,
81,13,Gonnie,2,,,,
81,14,Annetje,2,,,,
81,15,Sharon,2,,,,
81,16,Jelle,1,,,,
81,17,Carol,2,,,,
81,18,Evie,2,,,,
81,19,Sjakie,1,,,,
82,1,Bert Blokland,1,,,,
82,2,Katrien,2,,,,
82,3,Jaap,1,,,,
82,4,Andries Aantveld,1,,,,
82,5,Hanna,2,,,,
82,6,Josine,2,,,,
82,7,Gezina,2,,,,
82,8,Herbert,1,,,,
82,9,Geerten,1,,,,
82,10,Willy,1,,,,
82,11,Anna,2,,,,
82,12,Toos,2,,,,
82,13,Volker,1,,,,
82,14,Gerritsen,1,,,,
82,15,Tonia,2,,,,
82,16,Moeder,2,,,,
82,17,Joan,2,,,,
82,18,Willems,1,,,,
82,19,Guus,1,,,,
83,1,Herman Vermeer,1,,,,
83,2,Nora,2,,,,
83,3,Johanna,2,,,,
83,4,Tonny,2,,,,
83,5,Ange,2,,,,
83,6,Hein,1,,,,
83,7,Lies,2,,,,
83,8,Berens,1,,,,
83,9,Jan,1,,,,
83,10,Van Dijk,1,,,,
83,11,Ina,2,,,,
83,12,Alie,2,,,,
83,13,Garenkamp,1,,,,
83,14,Dora,2,,,,
83,15,Maters,2,,,,
83,16,Willems,1,,,,
83,17,Paps,1,,,,
83,18,Truus,2,,,,
83,19,Sprange,1,Niet in script,,,
84,1,Ik,1,,,,
84,2,André,1,,,,
84,3,Cyril,1,,,,
84,4,Clara,2,,,,
84,5,North,1,,,,
84,6,Pepe,1,,,,
84,7,Antonio,1,,,,
84,8,Domingo,1,,,,
84,9,Eulalia,2,,,,
84,10,Schramm,1,,,,
84,11,Cameron,1,,,,
84,12,Vicente,1,,,,
84,13,Charon,1,,,,
84,14,Carla,2,,,,
84,15,Pedro,1,,,,
85,1,Gert,1,,ik,,
85,2,Gijs,1,,,,
85,3,Sientje,2,,,,
85,4,Clara,2,,,,
85,5,Katy,2,,,,
85,6,Cees,1,,,,
85,7,Gerrit,1,,,,
85,8,Adriaan,1,,,,
85,9,Anna,2,,,,
85,10,Zélie,2,,Zéhe,,
85,11,Cora,2,,,,
85,12,Karei,1,,Karel,,
85,13,Hanna,2,,,,
85,14,Sien,2,,,,
86,1,Ik,1,,,,
86,2,Wimie,1,,,,
86,3,R.,1,,,,
86,4,Lizzy,2,,,,
86,5,W.,1,,,,
86,6,G.,1,,,,
86,7,F.,1,,,,
86,8,G. S.,1,,,,
86,9,N.,1,,,,
86,10,MacDiarmid,1,,,,
86,11,Trocchi,1,,,,
86,12,Wilson,1,,,,
86,13,Q.,1,,,,
86,14,Angus Wilson,1,,,,
86,15,Henry Miller,1,,,,
86,16,Singh,1,,,,
86,17,A.,1,,,,
86,18,Stanley,1,,,,
86,19,Ivy,2,,,,
87,1,Siem,1,,,,
87,2,Karei,1,,Karel,,
87,3,Thea,2,,,,
87,4,Theo,1,,,,
87,5,Nelleke,2,,,,
87,6,Fien,2,,,,
87,7,Jaap,1,,,,
87,8,Jansen,1,,,,
87,9,Opa,1,,,,
87,10,Moeder,2,,,,
87,11,Selma,2,,,,
87,12,Bolman,1,,,,
87,13,Keerman,1,,,,
87,14,Verweegen,1,,,,
87,15,Bart,1,,,,
88,1,Maria,2,,,,
88,2,Juliette,2,,,,
88,3,Pieter,1,,,,
88,4,Marianne,2,,,,
88,5,Marcel,1,,,,
88,6,Adèle,2,,,,
88,7,Albert,1,,,,
88,8,Fernand,1,,,,
88,9,Margriet,2,,,,
88,10,Jacques,1,,,,
88,11,Moeder,2,,,,
88,12,Ernestine,2,,,,
88,13,Tonia,2,,,,
88,14,Leontine,2,,,,
88,15,Bertrand,1,,,,
89,1,Alfred Vogel,1,,,,
89,2,Meier,1,,,,
89,3,Jorissen,1,,,,
89,4,Erna Rydon,2,,,,
89,5,Van der Kloot,1,,,,
89,6,Betty,2,,,,
89,7,Nettie,2,,,,
89,8,Mc Carr,1,,Ook een mw. Mc Carr,,
89,9,Alons,1,,,,
89,10,Herman,1,,,,
89,11,Verlinden,1,,,,
89,12,Alfons,1,,,,
90,1,Ik,1,,,,
90,2,Bill,1,,,,
90,3,Jim,1,,,,
90,4,Jack,1,,,,
90,5,John,1,,,,
90,6,Jane,2,,,,
90,7,Noorman,1,,Afkomst,,
90,8,Sheep,1,,,,
90,9,Mister Smith,1,,,,
90,10,Henoch,1,,,,
90,11,Mary,2,,,,
90,12,Berenice,2,,,,
91,1,Jasper,1,,,,
91,2,Henri,1,,,,
91,3,Karei,1,,Karel,,
91,4,Violet,2,,,,
91,5,Mary,2,,,,
91,6,Charlie,1,,,,
91,7,Juanito,1,,,,
91,8,Erika,2,,,,
91,9,Nick,1,,,,
91,10,Hannibal,1,,,,
91,11,Bob,1,,,,
91,12,Sylvia,2,,,,
91,13,Geert,1,,,,
91,14,Carlos,1,,,,
91,15,Henk,1,,,,
91,16,Ingemar,2,,,,
91,17,Vicente,1,,,,
91,18,Dick,1,,,,
91,19,Ibizenco,1,,,,
91,20,Ole,1,,,,
91,21,Kees,1,,,,
91,22,Domingo,1,,,,
91,23,Pierre,1,,,,
91,24,Hans,1,,,,
91,25,Heinz,1,,,,
91,26,Jim,1,,,,
92,1,Ik,1,,,,
92,2,Hein,1,,,,
92,3,Pieter,1,,,,
92,4,Paula,2,,,,
92,5,Noor,1,,Afkomst,,
92,6,Miller,1,,Schrijver?,,
92,7,Ewald,1,,,,
92,8,Dean,1,,,,
92,9,Jimmy,1,,,,
92,10,Lou,1,,,,
92,11,Willem,1,,,,
92,12,Joyce,1,,Schrijver?,,
92,13,Karel,1,,,,
93,1,Ik,2,,,,
93,2,Bart,1,,,,
93,3,Edzard,1,,,,
93,4,Jutta,2,,,,
93,5,Tip,1,,,,
93,6,Harry Kiri,1,,,,
93,7,Carien,2,,,,
93,8,Rob,1,,,,
93,9,Bert,1,,,,
93,10,Marie-Louise,2,,,,
93,11,Lidia,2,,,,
94,1,Levano,1,ik,,,
94,2,Gideon Levano,1,,,,
94,3,Joab da Fonseca,1,,,,
94,4,Reina,2,,,,
94,5,Channah,2,,,,
94,6,Sara van Colmar,2,,,,
94,7,Thea,2,,,,
94,8,Alphonse de Villeneuve,1,,,,
94,9,Inge,2,,,,
94,10,Kees,1,,,,
94,11,Jopie,2,,,,
94,12,Carolien,2,,,,
94,13,Adam Levano,1,,,,
94,14,Enny Karsten,2,,,,
94,15,Menachem,1,,,,
94,16,Anna,2,,,,
94,17,Martha,2,,,,
94,18,Elsje,2,,,,
94,19,David,1,,,,
94,20,Judith,2,,,,
95,1,Hella,2,,,,
95,2,Filip,1,,,,
95,3,Patrick,1,,,,
95,4,Harry,1,,,,
95,5,Claudine,2,,,,
95,6,Marthe,2,,,,
95,7,Herman,1,,,,
95,8,Koenraad,1,,,,
95,9,Herwig,1,,,,
95,10,Janinka,2,,,,
95,11,Bassens,1,,,,
95,12,Frieda,2,,,,
95,13,Pablo,1,,,,
95,14,Harriet,1,,,,
95,15,Tamayo,99,Kat,,,
95,16,Elza,2,,,,
95,17,Deirdre,2,,,,
96,1,Emmy,2,,,,
96,2,Daniël,1,,,,
96,3,Sonja,2,,,,
96,4,Ans,2,,,,
96,5,Samuel,1,,,,
96,6,Basje,1,,,,
96,7,Rita,2,,,,
96,8,Gerard,1,,,,
96,9,Moeder,2,Ik,,,
96,10,Hans,1,,,,
96,11,Mammie,2,Basje,,,
96,12,Wardle,1,,,,
96,13,Bean,1,,,,
96,14,Vader,1,,,,
97,1,Piet Aukes,1,,,,
97,2,Agaath,2,,,,
97,3,Merks,1,,,,
97,4,Willy,2,,,,
97,5,Lippens,1,,,,
97,6,Fien,2,,,,
97,7,Tjitske,2,,,,
97,8,Jenny,2,,,,
97,9,Van der Velden,1,,,,
97,10,Kaper,1,,,,
97,11,Hofstee,1,,,,
97,12,Oltmans,2,,,,
97,13,Roos,2,,,,
97,14,Thea,2,,,,
97,15,Kwint,2,,,,
97,16,Andries,1,,,,
97,17,Jacob,1,,,,
97,18,Soeng,1,,,,
97,19,Juffrouw Roos,2,,,,
97,20,Blooys,1,,Niet in script,,
98,1,Koos,1,,,,
98,2,Dirk,1,,,,
98,3,Berrie,1,,,,
98,4,Coby,2,,,,
98,5,Mia,2,,,,
98,6,Jet,2,,,,
98,7,Kees,1,,,,
98,8,Molly,2,,,,
98,9,Kouber,1,,,,
98,10,Lida,2,,,,
98,11,Jantje,1,,,,
98,12,Toos,2,,,,
98,13,Jaap,1,,,,
98,14,Pelsen,2,"Slager, vader van Mia",,,
98,15,Gerrels,1,,,,
98,16,Wim,1,,,,
98,17,Dina,2,,,,
99,1,Joss,1,,,,
99,2,Bartels,1,,,,
99,3,André,1,,,,
99,4,Kira,2,,,,
99,5,Menander,1,,,,
99,6,Jacynth,2,,,,
99,7,Hendriks,1,,,,
99,8,Duhr,1,,,,
99,9,Jackson,1,,,,
99,10,Walther Vetter,1,,,,
99,11,Herman,1,,,,
99,12,Andreus,1,,,,
99,13,Jan van de Brink,1,,,,
99,14,Marcel,1,,,,
99,15,Buisman,1,,,,
99,16,Paul,1,,,,
99,17,Anna,2,,,,
99,18,Frieda,2,,,,
99,19,De Vries,1,,,,
99,20,Pieter Boersma,1,,,,
99,21,Fenna,2,,,,
100,1,Ik,1,,,,
100,2,Mark,1,,,,
100,3,Nora,2,,,,
100,4,Veronica,2,,,,
100,5,Pieter,1,,,,
100,6,Ro,1,,,,
100,7,Mon,1,,,,
100,8,Catalina,2,,,,
100,9,Fernando Cardona Castellón,1,,,,
100,10,Sjir,1,,,,
100,11,Rosario,1,,,,
100,12,Luis,1,,,,
100,13,P.,1,,,,
100,14,Jerôme,1,,,,
100,15,Ludwig Zweipunkt,1,,,,
101,1,Lazarus,1,,,,
101,2,Tychon,1,,,,
101,3,God,1,,,,
101,4,Marius,1,,,,
101,5,Mirjam,2,,,,
101,6,Martha,2,,,,
101,7,Chusas,1,,,,
101,8,Melchizedek,1,,,,
101,9,Herodes,1,,,,
101,10,Nathaniël,1,,,,
101,11,Mozes,1,,,,
101,12,Abraham,1,,,,
101,13,David,1,,,,
101,14,Simon,1,,,,
101,15,Pilatus,1,,,,
101,16,Antonia,2,,,,
101,17,Jacob,1,,,,
101,18,Jochanan,1,,,,
101,19,Daniël,1,,,,
101,20,Levi,1,,,,
101,21,Elia,1,,,,
101,22,Venus,2,,,,
101,23,Simeon,1,,,,
102,1,Wijnand Gullinx,1,,,,
102,2,Christiaan,1,,,,
102,3,Henri Abton,1,,,,
102,4,Ulyssa,2,,,,
102,5,Hans Knauerhaas,1,,,,
102,6,Yetze,1,Gulinx,,,
102,7,Putman,1,,,,
102,8,Mère,2,,,,
102,9,Joop,1,,,,
102,10,Gosses,1,,,,
102,11,Ludovicus,1,,,,
102,12,Petrus,1,,,,
102,13,Henri,1,,,,
102,14,Tjalling,1,,,,
102,15,Voets,1,,,,
102,16,Pilcrom,1,,,,
103,1,Jan Cremer,1,,,,
103,2,Brigitte,2,,,,
103,3,Tibbe,1,,,,
103,4,Henri,1,,,,
103,5,Annebel,2,,,,
103,6,Barry,1,,,,
103,7,Corrita,2,,,,
103,8,Lex,1,,,,
103,9,Betty,2,,,,
103,10,R.,1,,,,
103,11,Nora,2,,,,
103,12,Rick,1,,,,
103,13,Helen,2,,,,
103,14,Tom,1,,,,
103,15,Geert,1,,,,
103,16,Wratje,1,,,,
103,17,Donner,1,,,,
103,18,Betsie,2,,,,
103,19,Klaus,1,,,,
103,20,Madame,2,,,,
103,21,Andres,1,,,,
104,1,Folkert,1,,,,
104,2,Lieveke,2,,,,
104,3,Dominique,2,,,,
104,4,Jean-Loup,1,,,,
104,5,Titine,2,,,,
104,6,Louis,1,,,,
104,7,Louise,2,,,,
104,8,Maman Varèze,2,,,,
104,9,Bernard,1,,,,
104,10,Christine,2,,,,
104,11,Papa Varèze,1,,,,
104,12,Pasquale,1,,,,
105,1,Ik,1,,,,
105,2,Emma,2,,,,
105,3,Mart,1,,,,
105,4,John,1,,,,
105,5,Fekkes,1,,,,
105,6,Erwin,1,,,,
106,1,Charles,1,,,,
106,2,Roosje,2,,,,
106,3,Toetie,1,,,,
106,4,Madelon,2,,,,
106,5,Cato,2,,,,
106,6,Alida,2,,,,
106,7,Antoine,1,,,,
106,8,Itih,2,,,,
106,9,Jeanne,2,,,,
106,10,Jut,1,,,,
106,11,Dolly,2,,,,
106,12,Edmond,1,,,,
106,13,Jane,2,,,,
106,14,Nadine,2,,,,
106,15,George,1,,,,
106,16,Johny,1,,,,
106,17,Nina,2,,,,
106,18,Teresa,2,,,,
106,19,Tjrot,1,,Niet in script,,
107,1,Ik,1,,,,
107,2,Florrie,2,,,,
107,3,Jackie,1,,,,
107,4,Carlotta,2,,,,
107,5,Thérèse,2,,,,
107,6,Armand,1,,,,
107,7,Georges,1,,,,
107,8,Tonino,1,,,,
107,9,Elena,2,,,,
107,10,Jeannette,2,,,,
107,11,Choong,1,,,,
107,12,André,1,,,,
107,13,Jennifer,2,,,,
107,14,René,1,,,,
107,15,Gino,1,,,,
107,16,Teresa,2,,,,
107,17,Marquet,1,,,,
107,18,Giulio,1,,,,
107,19,Ted,1,,,,
108,1,Jezus Christus,1,,,,
108,2,God,1,,,,
108,3,Pythagoras,1,,,,
108,4,Adam,1,,,,
108,5,Michelangelo,1,,,,
108,6,Mozes,1,,,,
108,7,Spencer,1,,,,
108,8,Maria,2,,,,
108,9,Maria Magdalena,2,,,,
108,10,Origenes,1,,,,
108,11,Vader,1,,,,
109,1,Ik,1,,,,
109,2,Mary,2,,,,
109,3,Noël Luciani,1,,,,
109,4,Michelle,2,,,,
109,5,Betty,2,,,,
109,6,Nicolai,1,,,,
109,7,Tao,1,,,,
109,8,François le Noir,1,,,,
109,9,Don Alfonso,1,,,,
109,10,Moretti,1,,,,
109,11,Pasqualina,2,,,,
109,12,Odysseus,1,,,,
110,1,Paul,1,,,,
110,2,Jacqueline,2,,,,
110,3,Brave,1,,,,
110,4,De hond,1,,,,
111,1,Benjamin,1,,,,
111,2,Thotmes,1,,,,
111,3,Jozef,1,,,,
111,4,Potifar,1,,,,
111,5,Horemheb,1,,,,
111,6,Imhotep,1,,,,
111,7,Jacob,1,,,,
111,8,Ichnaton,1,,,,
111,9,Ruben,1,,,,
111,10,Tjenuna,2,,,,
111,11,Tnahsit,2,,,,
111,12,Rachel,2,,,,
111,13,Tjenuna,2,,,,
111,14,Lea,2,,,,
111,15,Seneferu,1,,,,
111,16,Zenonfi,1,,,,
112,1,Johnny Lindsay,1,,,,
112,2,Adams,1,,,,
112,3,Jerry,1,,,,
112,4,Joe Benson,1,,,,
112,5,Jim Sanders,1,,,,
112,6,Joe Kingsley,1,,,,
112,7,Betty Adams,2,,,,
112,8,Jack Legree,1,,,,
112,9,Brooks,1,,,,
112,10,Steve Kelly,1,,,,
112,11,Jake Bindle,1,,,,
112,12,Dave Mac-Millan,1,,,,
112,13,Charley Fuller,1,,,,
112,14,Tony,1,,,,
113,1,Ik,2,,,,
113,2,Paul,1,,,,
113,3,Anna,2,,,,
113,4,Henk,1,,,,
113,5,Mattie,2,,,,
113,6,Helma,2,,,,
113,7,Loes,2,,,,
113,8,Fred,1,,,,
113,9,Klaus,1,,,,
113,10,Roger,1,,,,
113,11,Dora,2,,,,
113,12,Anastasia,2,,,,
113,13,Deenik,1,,,,
113,14,Françoise,2,,,,
113,15,Van Weesp,2,,,,
113,16,Jannie,2,,,,
113,17,Amandus,1,,,,
114,1,Minnie,2,,,,
114,2,Jakob,1,,,,
114,3,Lokien,1,,,,
114,4,Klaske,2,,,,
114,5,Abe,1,,,,
114,6,Herta,2,,,,
114,7,Mirjam,2,,,,
114,8,Bender,1,,,,
114,9,Kleine Barend,1,,,,
114,10,Willy,2,,,,
114,11,Hesje,1,,,,
114,12,Hoppecke,1,,,,
114,13,Jonas,1,,,,
114,14,Okke Rombout,1,,,,
114,15,Klooster,1,Niet in script,,,
115,1,Willem,1,,,,
115,2,Patricia Wildert,2,,,,
115,3,Roel,1,,,,
115,4,Yvette,2,,,,
115,5,Helen,2,,,,
115,6,Saskia,2,,,,
115,7,Johnny,1,,,,
115,8,Felix,1,,,,
115,9,Wim,1,,,,
115,10,Thecla,2,,,,
115,11,Tony,1,,,,
115,12,Eva,2,,,,
115,13,Lydia,2,,,,
115,14,Johan,1,,,,
115,15,Micheline,2,,,,
115,16,Nicole,2,,,,
115,17,Jan,1,,,,
115,18,Joe,1,,,,
116,1,Ik,1,,,,
116,2,Marie,2,,,,
116,3,Valstar,1,,,,
116,4,Eunice van Zutphen,2,,,,
116,5,Aaf,2,,,,
116,6,Hendrik,1,,,,
116,7,Eugénie,2,,,,
116,8,Henriëtte,2,,,,
116,9,Barend,1,,,,
116,10,Nelly,2,,,,
116,11,Gryvo,1,Niet in script,,,
116,12,Cees,1,,,,
116,13,Jan,1,,,,
116,14,Madeleine,2,,,,
116,15,Jacques,1,,,,
116,16,Keetje,2,niet in script,,,
117,1,Hugo,,,,,
117,2,Stans,2,,,,
117,3,Ineke,2,,,,
117,4,Freek,1,,,,
117,5,Bas,1,,,,
117,6,Betty,2,,,,
117,7,Emmy,2,,,,
117,8,David,1,,,,
117,9,Rico,1,,,,
117,10,Marjan,2,,,,
117,11,Theo,1,,,,
117,12,Agaath,2,,,,
117,13,Liesbeth,2,,,,
117,14,Arnold,1,,,,
117,15,Joke,2,,,,
117,16,Reina Doorschodt,2,,,,
117,17,Colijn,1,Historisch,,,
117,18,Willem,1,,,,
117,19,Leo,1,,,,
117,20,Lien,2,,,,
117,21,Ilse,1,,,,
117,22,Hein,1,,,,
117,23,Bartha,2,,,,
117,24,Marie,2,,,,
118,1,Fie,2,,,,
118,2,Wim,1,,,,
118,3,Niente,2,,,,
118,4,Bees,2,,,,
118,5,Ans,2,,,,
118,6,Bas,1,,,,
119,1,Ik,1,,,,
119,2,Steven,1,,,,
119,3,Hans,1,,,,
119,4,Bobbie,1,,,,
119,5,Willem,1,,,,
119,6,Karel,1,Karel,,,
119,7,Ellen,2,,,,
119,8,Nero,1,,,,
119,9,Gonnie,2,,,,
119,10,Jimmy,1,,,,
119,11,Vibia,2,,,,
119,12,Joséfine,2,,,,
119,13,Judith,2,,,,
119,14,Bennie,1,,,,
119,15,S.,2,,,,
120,1,Hildevoort,1,,,,
120,2,Drakestein,1,,,,
120,3,Kai,1,Alleen samen met Pop?,,,
120,4,Charlotte,2,,,,
120,5,Minderbragt,1,Niet in script,,,
120,6,De Vije,1,Niet in Script,,,
120,7,Pop,2,,,,
121,1,Vorbrot,1,,,,
121,2,Resi,2,,,,
121,3,Schmitt,1,,,,
121,4,Stefanie,2,,,,
121,5,Therese,2,,,,
121,6,Agathe,2,,,,
121,7,Anna Pech,2,,,,
121,8,Kurt Krassnitzer,1,,,,
121,9,Peter,1,,,,
121,10,Strakosch,1,,,,
121,11,Landshoff,1,,,,
121,12,Roberto,1,,,,
121,13,Frau Strakosch,2,,,,
121,14,Frau Krassnitzer,2,,,,
121,15,Karl,1,,,,
121,16,Frau Faschauner,2,,,,
122,1,Alfred,1,,,,
122,2,Michel-Marco,1,,,,
122,3,An,2,Spatie,,,
122,4,Dolf,1,,,,
122,5,Jan Schaap,1,,,,
122,6,Mien,2,,,,
122,7,Sergio,1,,,,
122,8,Mario,1,,,,
122,9,Joe,1,,,,
122,10,Maria,2,,,,
122,11,Tourasse,1,,,,
123,1,Michiel,1,,,,
123,2,Jan Tulp,1,,,,
123,3,Johan,1,,,,
123,4,Alie,2,,,,
123,5,Maja,2,,,,
123,6,Merel,2,,,,
123,7,Soutenbakker,1,,,,
123,8,Wim Winter,1,,,,
123,9,Gerie,2,,,,
123,10,Liza,2,,,,
123,11,meester van der Pol,1,,,,
123,12,Jaap Steen,1,,,,
123,13,Dulieu,1,,,,
123,14,Christine,2,,,,
123,15,Verkerk,1,Niet in script,,,
124,1,Andries van Rode,1,,,,
124,2,Willy,2,,,,
124,3,Ida Ina,2,,,,
124,4,Pietertje (Mireille) Terlaak,2,Trans?,,,
124,5,Junior,1,,,,
124,6,Freddy Golberton,1,,,,
124,7,Pinto,2,,,,
124,8,Senior,1,,,,
124,9,Josine,2,,,,
124,10,Jochem van Marion,1,,,,
124,11,Dobben,1,,,,
124,12,Elspeth,2,,,,
124,13,Clara,2,,,,
124,14,Arnold Sluis,1,,,,
124,15,Ece,1,,,,
125,1,Ans Bremer,2,,,,
125,2,Kees,1,,,,
125,3,Piet,1,,,,
125,4,Aad,1,,,,
125,5,Lex Dellaert,1,,,,
125,6,Frits,1,,,,
125,7,Cor,1,,,,
125,8,Merel,2,,,,
125,9,Rinus,1,,,,
125,10,Harm,1,,,,
125,11,Roos,2,,,,
125,12,Lies,2,,,,
125,13,Dirk,1,,,,
125,14,Carla,2,,,,
125,15,Jaap,1,,,,
125,16,Karei,1,Karel,,,
125,17,Anna,2,,,,
125,18,Fred,1,,,,
125,19,Stans,2,,,,
125,20,Emerentia,2,,,,
126,1,Simone,2,,,,
126,2,Kees,1,,,,
126,3,Ingrid,2,,,,
126,4,Rainer,1,,,,
126,5,Lena,2,,,,
126,6,Carlo,1,,,,
126,7,Fenneke,2,,,,
126,8,Kenneth,1,,,,
126,9,Paolo,1,,,,
126,10,Baruch,1,,,,
126,11,Linda,2,,,,
126,12,Petrus,1,,,,
126,13,Anne,2,,,,
126,14,W.,1,,,,
126,15,Ika,2,,,,
126,16,Annie,2,,,,
126,17,Joke,2,,,,
126,18,Berrie,1,,,,
128,1,Ik,1,,,,
128,2,Mirjam,2,,,,
128,3,Klara,2,,,,
128,4,Roberto,1,,,,
128,5,Joyce,2,,,,
128,6,Jean,1,,,,
128,7,Lucy,2,,,,
128,8,Philip,1,,,,
128,9,Gerard,1,,,,
128,10,Gina,2,,,,
128,11,Johann,1,,,,
128,12,Rita,2,,,,
128,13,Fred,1,,,,
128,14,Truus,2,,,,
128,15,Jantine,2,,,,
128,16,Peter,1,,,,
128,17,Maria,2,,,,
128,18,Hugo,1,,,,
128,19,Moes,1,,,,
128,20,Angus,1,,,,
128,21,Nondo,1,,,,
129,1,Matti,1,,,,
129,2,Albert,1,,,,
129,3,Johan,1,,,,
129,4,Mark,1,,,,
129,5,Elize,2,,,,
129,6,Jaap,1,,,,
129,7,Wilkes,2,,,,
129,8,George,1,,,,
129,9,Ansje,2,,,,
129,10,Monica,2,,,,
129,11,Jantje,1,,,,
129,12,Tony,1,,,,
129,13,Egbert,1,,,,
129,14,Helena,2,,,,
129,15,Kathie,2,,,,
129,16,Mathilde,2,,,,
129,17,Peter,1,,,,
129,18,Hans,1,,,,
129,19,Onno,1,,,,
129,20,Kevelkin,2,Niet in script,,,
130,1,Han,1,,,,
130,2,Bertus,1,,,,
130,3,Harold,1,,,,
130,4,Hilda,2,,,,
130,5,Billy,1,,,,
130,6,Kennedy,1,Historisch,,,
130,7,Elza,2,,,,
130,8,Mabel,2,,,,
130,9,Kroutchov,1,Historisch,,,
130,10,Castro,1,Historisch,,,
130,11,Eric,1,,,,
130,12,Sidney,1,,,,
130,13,Clark,1,,,,
130,14,Deborah,2,,,,
130,15,Carla,2,,,,
130,16,Lydia,2,,,,
131,1,Frederik Schothorst,1,,,,
131,2,Catootje,2,,,,
131,3,Clement Helema,1,,,,
131,4,Albertus Schimmel,1,,,,
131,5,Van den Donck,1,,,,
131,6,Agaath,2,,,,
131,7,Alfons van Dussen,1,,,,
131,8,Willem van Oranje,1,,,,
131,9,Vermaelen,1,,,,
131,10,Sientje,2,,,,
131,11,Jurgen Frederiks,1,,,,
131,12,Charles Cammingha,1,,,,
131,13,Van Davelaer,1,,,,
131,14,Lems,1,,,,
131,15,Kobus,1,,,,
131,16,Bertha,2,,,,
131,17,Hannes,1,,,,
131,18,Catharina Cammingha-van den Donck,2,Om ruis bij Charles Cammingha te voorkomen,,,
131,19,Geurt van Dolderen,1,,,,
132,1,Leo,1,,,,
132,2,Rieneke,2,,,,
132,3,Roger,1,,,,
132,4,Koen,1,,,,
132,5,Jolanda Lund,2,,,,
132,6,Josientje,2,,,,
132,7,Janneke,2,,,,
132,8,Atte Struweel,1,,,,
132,9,Truus,2,,,,
132,10,Kees,1,,,,
132,11,Jan,1,,,,
132,12,Tom,1,,,,
132,13,Mevrouw Stormerdam,2,,,,
132,14,Peter,1,,,,
132,15,Nooike Stormerdam,2,Niet in Script,,,
132,16,Annèt Struweel,2,Niet in Script,,,
133,1,Ik,2,,,,
133,2,Johan,1,,,,
133,3,Jaap,1,,,,
133,4,Kees,1,,,,
133,5,Martine,2,,,,
133,6,Simone,2,,,,
133,7,Odile,2,,,,
133,8,Lucie,2,,,,
133,9,Johanna,2,,,,
133,10,Jules,1,,,,
133,11,Nadine,2,,,,
133,12,Magda,2,,,,
133,13,Arlette,2,,,,
133,14,Monique,2,,,,
133,15,Madame Pruvost,2,,,,
133,16,Madame Huquet,2,,,,
133,17,Felix,1,,,,
133,18,Renard,1,,,,
133,19,Alain,1,,,,
133,20,Marlies,2,,,,
133,21,Raymonde,1,,,,
133,22,Roland,1,,,,
134,1,Leonard,1,,,,
134,2,Henri,1,,,,
134,3,Maarten,1,,,,
134,4,Frits,1,,,,
134,5,Laura,2,,,,
134,6,Marja,2,,,,
134,7,Henk,1,,,,
134,8,Freek,1,,,,
134,9,Jan,1,,,,
134,10,Joost,1,,,,
134,11,Herman,1,,,,
134,12,Alfred,1,,,,
134,13,Luciano,1,,,,
135,1,Ivo,1,,,,
135,2,Van de Weert,1,Spaties,,,
135,3,Hartley,1,,,,
135,4,Henriëtte,2,,,,
136,1,Jaap Verdongen,1,Jaap Senior,,,
136,2,Martien Verdongen,2,,,,
136,3,Japie,1,Jaap Junior,,,
136,4,Nol,1,,,,
136,5,Nola,2,,,,
136,6,Joke Verdongen,2,,,,
136,7,Ruurd,1,,,,
136,8,Rienk,1,,,,
136,9,Ally,2,Spaties,,,
136,10,Coba,2,,,,
136,11,Anne-Mieke,2,,,,
136,12,Holthuysen,1,,,,
136,13,Jacob,1,,,,
136,14,Bertha,2,,,,
137,1,Van der Loeff,1,,,,
137,2,Reinier,1,,,,
137,3,Igor,1,,,,
137,4,Haya,2,,,,
137,5,Otto,1,,,,
137,6,Verkerk,1,,,,
137,7,Paul,1,,,,
137,8,Jan Hagel,1,,,,
137,9,Verkoeien,1,,,,
137,10,Beerman,1,,,,
137,11,Peters,1,,,,
137,12,Van Dantzig,1,,,,
137,13,Van Wayen,1,,,,
137,14,Frank,1,,,,
137,15,Kees,1,,,,
137,16,Kooljager,1,,,,
138,1,Herman Willemse,1,,,,
138,2,Dora Terbraak,2,,,,
138,3,Jacquelien,2,,,,
138,4,Bert,1,,,,
138,5,Rolf,1,,,,
138,6,Lena,2,,,,
138,7,Krijn Duba,1,,,,
138,8,Annelies,2,,,,
138,9,Andries,1,,,,
138,10,Jesse,1,,,,
139,1,David,1,,,,
139,2,Ria,2,,,,
139,3,Bram Terzake,1,,,,
139,4,juffrouw Francois,2,,,,
139,5,Truida,2,,,,
140,1,Maurice Dhondt,1,,,,
140,2,Etienne,1,,,,
140,3,Marianne,2,,,,
140,4,André,1,,,,
140,5,Piet,1,,,,
140,6,Suzanne,2,,,,
140,7,Huguette,2,,,,
140,8,Bonny,2,,,,
140,9,Darja,2,,,,
140,10,Edmond,1,,,,
141,1,Sluyser,1,,,,
141,2,Sally Noach,1,,,,
141,3,Johnny,1,,,,
141,4,Janus,1,,,,
141,5,Paulus Potter,1,,,,
141,6,Churchill,1,,,,
141,7,Gerbrandy,1,,,,
141,8,Koningin Wilhelmina,2,,,,
141,9,Rudolf Hess,1,,,,
141,10,Jan Schweyk,1,,,,
142,1,Wolters,1,,,,
142,2,Kramer,1,,,,
142,3,Vermeulen,1,,,,
142,4,Wouter Storm,1,,,,
142,5,Paul,1,,,,
142,6,Van Maurik,1,,,,
142,7,Westerhof,1,,,,
142,8,Van den Bergh,1,,,,
142,9,Wigman,1,,,,
142,10,Bret,1,,,,
142,11,Colman,1,,,,
143,1,Staad,1,,,,
143,2,Hermann Becker,1,,,,
143,3,Tan,1,,,,
143,4,Elsa,2,,,,
143,5,Carmen,2,,,,
143,6,Sonya,2,,,,
143,7,Irmgard,2,,,,
143,8,Maria Luisa,2,,,,
143,9,Mina,2,,,,
144,1,Mobsie,2,,,,
144,2,Gustl,1,,,,
144,3,Egbert,1,,,,
144,4,Louis Gompers,1,,,,
144,5,Henri,1,,,,
144,6,Handsome,1,,,,
144,7,Jos,1,,,,
144,8,Franziskus,1,,,,
144,9,Luitpold Agnello,1,,,,
144,10,Karla,2,,,,
144,11,Witiko,1,,,,
144,12,Felix,1,,,,
145,1,Carl,1,,,,
145,2,Titia,2,,,,
145,3,Ludwig,1,,,,
145,4,Maxie,1,,,,
145,5,Bacchus,1,,,,
145,6,Mario,1,,,,
145,7,Ad,1,,,,
145,8,Pignatelli,1,,,,
145,9,Lalla,2,,,,
145,10,Elisabeth,2,,,,
145,11,Dorothy,2,,,,
146,1,Geerte,2,,,,
146,2,Josua,1,,,,
146,3,Nehemia,1,,,,
146,4,Gabriël,1,,,,
146,5,Loys,1,,,,
146,6,Jehoeda,1,,,,
146,7,Joost,1,,,,
147,1,Jan,1,,,,
147,2,Jacob,1,,,,
147,3,Louis,1,,,,
147,4,Frits,1,,,,
147,5,juffrouw Vink,2,,,,
147,6,Elly,2,,,,
147,7,Huib,1,,,,
147,8,Paul,1,,,,
147,9,Peter,1,,,,
147,10,mijn broer,1,,,,
148,1,Wisent,1,,,,
148,2,de Man,1,,,,
148,3,Tidenka,2,,,,
148,4,Ambar,1,,,,
148,5,Ilmandach,1,,,,
148,6,Dzenok,1,,,,
148,7,Phytoimo,1,,,,
148,8,Anajala,2,,,,
148,9,Iridoena,2,,,,
148,10,Doengil,1,,,,
148,11,Ihma,2,,,,
148,12,Ambardoso,1,,,,
148,13,Jaropy,1,,,,
148,14,Bethinda,2,,,,
148,15,Sersiopello,1,,,,
149,1,Levka,2,,,,
149,2,Dander,1,,,,
149,3,Dahud,1,,,,
149,4,Madame Despard,2,,,,
150,1,Akijn,1,,,,
150,2,Arie,1,,,,
150,3,Izak,1,,,,
150,4,Paap,1,,,,
150,5,Opa,1,,,,
150,6,Cathalijne,2,,,,
150,7,Johannes,1,,,,
150,8,Henk,1,,,,
150,9,zijn moeder,2,,,,
150,10,Jan Loof,1,,,,
151,1,B.,1,,,,
151,2,Van der Pol,1,,,,
151,3,Eikel,1,,,,
151,4,Pol,1,,,,
151,5,vader,1,,,,
151,6,moeder,2,,,,
151,7,de luitenant,1,,,,
152,1,de leraar,1,,,,
152,2,Crabbe,1,,,,
152,3,Sandra,2,,,,
152,4,Korneel,1,,,,
152,5,Keukeleire,1,,,,
152,6,Elizabeth,2,,,,
152,7,Richard,1,,,,
152,8,Alice,2,,,,
152,9,Berthold,1,,,,
152,10,Fredine,2,,,,
152,11,Alessandra,2,,,,
152,12,Sprange,1,,,,
153,1,Eric,1,,,,
153,2,Elly,2,,,,
153,3,Van Grouw,1,,,,
153,4,Ans,1,,,,
153,5,Bettie,2,,,,
153,6,De Spin,1,,,,
153,7,Peter,1,,,,
153,8,Rozier,1,,,,
153,9,Paul,1,,,,
154,1,Maarten,1,,,,
154,2,Paul,1,,,,
154,3,Klaas,1,,,,
154,4,Rosalie,2,,,,
154,5,Hans,1,,,,
154,6,David,1,,,,
154,7,Henriette,2,,,,
154,8,Nicolien,2,,,,
154,9,Hettie,2,,,,
154,10,Stanley,1,,,,
154,11,Toos,2,,,,
154,12,Louis,1,,,,
154,13,Flap,1,,,,
154,14,Bertie,2,,,,
154,15,Landman,1,,,,
154,16,Nicolaas,1,,,,
154,17,Frits,1,,,,
154,18,Trees,2,,,,
155,1,Ik,1,,,,
155,2,Tania,2,,,,
155,3,Betty,2,,,,
155,4,Arletta,2,,,,
155,5,Lea,2,,,,
155,6,Walter,1,,,,